tar_name,filepath,hash
timeseries_png_AL,3_visualize/out/timeseries_AL.png,b3e21eebbb792b63
timeseries_png_AZ,3_visualize/out/timeseries_AZ.png,acf2f153e18f644e
timeseries_png_AR,3_visualize/out/timeseries_AR.png,bd504ed04c4baec8
timeseries_png_CA,3_visualize/out/timeseries_CA.png,b5fd86cd82a2164a
timeseries_png_CO,3_visualize/out/timeseries_CO.png,3802534ffdb77720
timeseries_png_CT,3_visualize/out/timeseries_CT.png,9307573ed7c9f032
timeseries_png_DE,3_visualize/out/timeseries_DE.png,0d9903272c29122b
timeseries_png_DC,3_visualize/out/timeseries_DC.png,eef87f50220aa953
timeseries_png_FL,3_visualize/out/timeseries_FL.png,e4afded3e20f0959
timeseries_png_GA,3_visualize/out/timeseries_GA.png,78fc3152066c4203
timeseries_png_ID,3_visualize/out/timeseries_ID.png,099a8e825fdfaecd
timeseries_png_IL,3_visualize/out/timeseries_IL.png,c2c3a1f739fd58a8
timeseries_png_IN,3_visualize/out/timeseries_IN.png,4fdd79717fa62270
timeseries_png_IA,3_visualize/out/timeseries_IA.png,8efba94f809f27bd
timeseries_png_KS,3_visualize/out/timeseries_KS.png,130e1122c952323d
timeseries_png_KY,3_visualize/out/timeseries_KY.png,793c65e4b73541a2
timeseries_png_LA,3_visualize/out/timeseries_LA.png,5fe7820f59b1b1fb
timeseries_png_ME,3_visualize/out/timeseries_ME.png,62d263aa5b624143
timeseries_png_MD,3_visualize/out/timeseries_MD.png,0b68682a9a10ffd1
timeseries_png_MA,3_visualize/out/timeseries_MA.png,ea0df0f004b64f6f
timeseries_png_MI,3_visualize/out/timeseries_MI.png,2765fa64d08ea8b7
timeseries_png_MN,3_visualize/out/timeseries_MN.png,dba3f7410b023c5f
timeseries_png_MS,3_visualize/out/timeseries_MS.png,745eae30d207de28
timeseries_png_MO,3_visualize/out/timeseries_MO.png,09dd12fdaa5d8aaa
timeseries_png_MT,3_visualize/out/timeseries_MT.png,a199d497dc89d58b
timeseries_png_NE,3_visualize/out/timeseries_NE.png,8a57e765a69c2e03
timeseries_png_NV,3_visualize/out/timeseries_NV.png,118a6db36072330d
timeseries_png_NH,3_visualize/out/timeseries_NH.png,60cab031383fd309
timeseries_png_NJ,3_visualize/out/timeseries_NJ.png,b7bc330159369cd7
timeseries_png_NM,3_visualize/out/timeseries_NM.png,5b5097db6e745b33
timeseries_png_NY,3_visualize/out/timeseries_NY.png,702a89675c071e3c
timeseries_png_NC,3_visualize/out/timeseries_NC.png,bf3d21f2e41d059f
timeseries_png_ND,3_visualize/out/timeseries_ND.png,a184a3d128e9ed81
timeseries_png_OH,3_visualize/out/timeseries_OH.png,b31b6c7af2362c68
timeseries_png_OK,3_visualize/out/timeseries_OK.png,dcfd194d1bbcedaf
timeseries_png_OR,3_visualize/out/timeseries_OR.png,df601fe8f2119bd5
timeseries_png_PA,3_visualize/out/timeseries_PA.png,f580b44d4dba9adb
timeseries_png_RI,3_visualize/out/timeseries_RI.png,d7ad79c32022b1c6
timeseries_png_SC,3_visualize/out/timeseries_SC.png,a254d5164395eec1
timeseries_png_SD,3_visualize/out/timeseries_SD.png,e1c0dff6b78190f1
timeseries_png_TN,3_visualize/out/timeseries_TN.png,077e651850da7c95
timeseries_png_TX,3_visualize/out/timeseries_TX.png,3b6d16dbb03c7211
timeseries_png_UT,3_visualize/out/timeseries_UT.png,407eebb868d572e3
timeseries_png_VT,3_visualize/out/timeseries_VT.png,e01b72c7f967b400
timeseries_png_VA,3_visualize/out/timeseries_VA.png,85d1cb6de986ad5a
timeseries_png_WA,3_visualize/out/timeseries_WA.png,328ff3a379d92d94
timeseries_png_WV,3_visualize/out/timeseries_WV.png,cacb1217ec9a06f1
timeseries_png_WI,3_visualize/out/timeseries_WI.png,a710c876033d255f
timeseries_png_WY,3_visualize/out/timeseries_WY.png,d900ed223e0a3a58
timeseries_png_AK,3_visualize/out/timeseries_AK.png,708ba63f22a7eb26
timeseries_png_HI,3_visualize/out/timeseries_HI.png,90c3adac5bddadc6
timeseries_png_GU,3_visualize/out/timeseries_GU.png,2efd6c206a962b5b
timeseries_png_PR,3_visualize/out/timeseries_PR.png,9c5fb420909add0a
